Sample ID,Taxon,rpkm
SRR6834185,Pseudomonadota,1135367.03880158
SRR6834185,unclassified,18962.28874825
