Sample ID,Taxon,rpkm
SRR6834185,Alphaproteobacteria,914930.43210316
SRR6834185,Betaproteobacteria,232288.03716609
SRR6834185,unclassified,7110.85828059
