Sample ID,Taxon,rpkm
SRR6834173,Pseudomonadota,461264.43225445
SRR6834173,Proteobacteria,674155.70867958
SRR6834173,unclassified,9461.83450778
