Sample ID,Taxon,rpkm
SRR6834174,Betaproteobacteria,182752.49300851
SRR6834174,Alphaproteobacteria,913762.46504257
SRR6834174,Gammaproteobacteria,50497.39938393
