Sample ID,Taxon,rpkm
SRR6834174,Proteobacteria,189966.40720622
SRR6834174,Pseudomonadota,957045.9502288
