Sample ID,Taxon,rpkm
SRR6834180,Betaproteobacteria,753750.97774301
SRR6834180,Alphaproteobacteria,369764.63059091
SRR6834180,Chlorobia,28443.43312238
