Sample ID,Taxon,rpkm
SRR6834180,Proteobacteria,820118.9883619
SRR6834180,Pseudomonadota,303396.61997203
SRR6834180,Chlorobi,28443.43312238
