Sample ID,Taxon,rpkm
SRR6834184,Pseudomonadota,1128051.76159711
SRR6834184,unclassified,4769.77489047
