Sample ID,Taxon,rpkm
SRR6834184,Salipiger,1120897.0992614
SRR6834184,unclassified,11924.43722619
