Sample ID,Taxon,rpkm
SRR6834187,Alphaproteobacteria,565344.61184007
SRR6834187,Betaproteobacteria,574806.44634785
SRR6834187,unclassified,9461.83450778
