Sample ID,Taxon,rpkm
SRR6834187,Proteobacteria,676521.16730652
SRR6834187,Pseudomonadota,468360.80813529
SRR6834187,unclassified,4730.91725389
