Sample ID,Taxon,rpkm
SRR6834176,Trichodesmium_erythraeum_IMS101,1022725.66970898
SRR6834176,Roseibium_litorale,58777.3373396
SRR6834176,unclassified,68181.71131393
