Sample ID,Taxon,rpkm
SRR6834176,Oscillatoriales,1022725.66970898
SRR6834176,Hyphomicrobiales,61128.43083318
SRR6834176,unclassified,65830.61782035
