Sample ID,Taxon,rpkm
SRR6834176,Microcoleaceae,1022725.66970898
SRR6834176,Stappiaceae,61128.43083318
SRR6834176,unclassified,65830.61782035
