Sample ID,Taxon,rpkm
SRR6834181,Trichodesmium,519591.66208203
SRR6834181,Roseibium,213949.50791613
SRR6834181,Pseudomonas,143416.70310862
SRR6834181,Salipiger,44670.77637809
SRR6834181,Lyngbya,49372.96336526
SRR6834181,Halothece,23510.93493584
SRR6834181,Bradyrhizobium,101097.02022411
SRR6834181,unclassified,51724.05685885
