Sample ID,Taxon,rpkm
SRR6834175,Pseudomonadota,817748.70226836
SRR6834175,Cyanobacteriota,127995.4490507
SRR6834175,Proteobacteria,203844.60404371
