Sample ID,Taxon,rpkm
SRR6834186,Pseudomonadota,223806.93236083
SRR6834186,Proteobacteria,918786.35390237
SRR6834186,unclassified,11779.31222952
