Sample ID,Taxon,rpkm
SRR6834172,Pseudomonadota,1127914.07737347
SRR6834172,unclassified,28736.66439168
