Sample ID,Taxon,rpkm
SRR6834172,Roseibium,299340.25408001
SRR6834172,Salipiger,780679.38264066
SRR6834172,Methylococcus,26341.94235904
SRR6834172,unclassified,50289.16268544
