Sample ID,Taxon,rpkm
SRR6834177,Roseobacteraceae,714000.11424002
SRR6834177,Sphaerotilaceae,352240.05635841
SRR6834177,Stappiaceae,35700.005712
SRR6834177,unclassified,54740.0087584
