Sample ID,Taxon,rpkm
SRR6834177,Pseudomonadota,802060.12832962
SRR6834177,Proteobacteria,354620.05673921
