Sample ID,Taxon,rpkm
SRR6834177,Alphaproteobacteria,785400.12566402
SRR6834177,Betaproteobacteria,366520.05864321
SRR6834177,unclassified,4760.0007616
