Sample ID,Taxon,rpkm
SRR6834189,Pseudomonadota,590358.60068144
SRR6834189,Proteobacteria,549394.94267498
