Sample ID,Taxon,rpkm
SRR6834189,Alphaproteobacteria,571081.58514899
SRR6834189,Betaproteobacteria,561443.07738276
SRR6834189,unclassified,7228.88082467
